-- Insert 100 additional fuel stations in US and UK
INSERT INTO fuel_stations (name, address, latitude, longitude, regular_price, premium_price, diesel_price, rating, total_reviews, average_delivery_time, is_open_24_7, image) VALUES

-- US Stations (50 stations)
('Shell Downtown Seattle', '1234 Pike Street, Seattle, WA 98101', 47.6062, -122.3321, 3.45, 3.75, 3.65, 4.2, 89, 25, true, '/shell-logo.png'),
('Chevron San Francisco Bay', '567 Market Street, San Francisco, CA 94105', 37.7749, -122.4194, 3.55, 3.85, 3.75, 4.4, 156, 30, true, '/chevron-logo.png'),
('Exxon Boston Harbor', '890 Atlantic Avenue, Boston, MA 02110', 42.3601, -71.0589, 3.35, 3.65, 3.55, 4.1, 203, 28, true, '/exxon-logo.png'),
('BP Philadelphia Center', '123 Broad Street, Philadelphia, PA 19107', 39.9526, -75.1652, 3.40, 3.70, 3.60, 4.3, 134, 22, true, '/bp-logo.png'),
('Shell Phoenix Downtown', '456 Central Avenue, Phoenix, AZ 85004', 33.4484, -112.0740, 3.25, 3.55, 3.45, 4.5, 178, 20, true, '/shell-logo.png'),
('Mobil Denver Tech', '789 17th Street, Denver, CO 80202', 39.7392, -104.9903, 3.30, 3.60, 3.50, 4.2, 92, 35, true, '/mobil-logo.png'),
('Chevron Las Vegas Strip', '321 Las Vegas Blvd, Las Vegas, NV 89101', 36.1699, -115.1398, 3.50, 3.80, 3.70, 4.6, 245, 18, true, '/chevron-logo.png'),
('Exxon Atlanta Midtown', '654 Peachtree Street, Atlanta, GA 30308', 33.7490, -84.3880, 3.20, 3.50, 3.40, 4.0, 167, 32, true, '/exxon-logo.png'),
('Shell Portland Pearl', '987 NW Lovejoy Street, Portland, OR 97209', 45.5152, -122.6784, 3.60, 3.90, 3.80, 4.3, 123, 27, true, '/shell-logo.png'),
('BP Detroit Renaissance', '147 Jefferson Avenue, Detroit, MI 48226', 42.3314, -83.0458, 3.15, 3.45, 3.35, 3.9, 89, 40, true, '/bp-logo.png'),
('Chevron Austin Downtown', '258 Congress Avenue, Austin, TX 78701', 30.2672, -97.7431, 3.10, 3.40, 3.30, 4.4, 198, 25, true, '/chevron-logo.png'),
('Shell Nashville Music Row', '369 Music Square West, Nashville, TN 37203', 36.1627, -86.7816, 3.05, 3.35, 3.25, 4.2, 156, 30, true, '/shell-logo.png'),
('Exxon Charlotte Uptown', '741 Trade Street, Charlotte, NC 28202', 35.2271, -80.8431, 3.25, 3.55, 3.45, 4.1, 134, 28, true, '/exxon-logo.png'),
('Mobil Minneapolis Downtown', '852 Nicollet Mall, Minneapolis, MN 55402', 44.9778, -93.2650, 3.35, 3.65, 3.55, 4.3, 167, 33, true, '/mobil-logo.png'),
('BP Kansas City Plaza', '963 Main Street, Kansas City, MO 64111', 39.0997, -94.5786, 3.00, 3.30, 3.20, 4.0, 98, 35, true, '/bp-logo.png'),
('Shell Sacramento Capitol', '159 Capitol Mall, Sacramento, CA 95814', 38.5816, -121.4944, 3.70, 4.00, 3.90, 4.5, 189, 22, true, '/shell-logo.png'),
('Chevron Salt Lake City', '357 South State Street, Salt Lake City, UT 84111', 40.7608, -111.8910, 3.40, 3.70, 3.60, 4.2, 145, 25, true, '/chevron-logo.png'),
('Exxon Tampa Bay', '468 Kennedy Boulevard, Tampa, FL 33602', 27.9506, -82.4572, 3.15, 3.45, 3.35, 4.4, 203, 20, true, '/exxon-logo.png'),
('Shell Milwaukee Downtown', '579 Wisconsin Avenue, Milwaukee, WI 53202', 43.0389, -87.9065, 3.20, 3.50, 3.40, 4.1, 123, 30, true, '/shell-logo.png'),
('BP Cleveland Public Square', '680 Euclid Avenue, Cleveland, OH 44115', 41.4993, -81.6944, 3.10, 3.40, 3.30, 3.8, 87, 38, true, '/bp-logo.png'),
('Mobil San Antonio River Walk', '791 Commerce Street, San Antonio, TX 78205', 29.4241, -98.4936, 3.05, 3.35, 3.25, 4.3, 178, 25, true, '/mobil-logo.png'),
('Chevron Pittsburgh Strip District', '802 Penn Avenue, Pittsburgh, PA 15222', 40.4406, -79.9959, 3.25, 3.55, 3.45, 4.0, 134, 32, true, '/chevron-logo.png'),
('Shell Cincinnati Downtown', '913 Vine Street, Cincinnati, OH 45202', 39.1031, -84.5120, 3.15, 3.45, 3.35, 4.2, 156, 28, true, '/shell-logo.png'),
('Exxon Orlando Downtown', '124 Orange Avenue, Orlando, FL 32801', 28.5383, -81.3792, 3.20, 3.50, 3.40, 4.4, 189, 22, true, '/exxon-logo.png'),
('BP Buffalo Elmwood', '235 Elmwood Avenue, Buffalo, NY 14201', 42.8864, -78.8784, 3.30, 3.60, 3.50, 3.9, 98, 35, true, '/bp-logo.png'),
('Shell Tucson Downtown', '346 Congress Street, Tucson, AZ 85701', 32.2226, -110.9747, 3.35, 3.65, 3.55, 4.1, 145, 30, true, '/shell-logo.png'),
('Chevron Fresno Tower District', '457 Olive Avenue, Fresno, CA 93728', 36.7378, -119.7871, 3.65, 3.95, 3.85, 4.3, 167, 25, true, '/chevron-logo.png'),
('Mobil Albuquerque Old Town', '568 Central Avenue, Albuquerque, NM 87102', 35.0844, -106.6504, 3.25, 3.55, 3.45, 4.2, 123, 28, true, '/mobil-logo.png'),
('Exxon Tulsa Arts District', '679 Boston Avenue, Tulsa, OK 74103', 36.1540, -95.9928, 2.95, 3.25, 3.15, 4.0, 134, 30, true, '/exxon-logo.png'),
('Shell Omaha Old Market', '780 Dodge Street, Omaha, NE 68102', 41.2565, -95.9345, 3.05, 3.35, 3.25, 4.4, 178, 25, true, '/shell-logo.png'),
('BP Richmond Fan District', '891 West Broad Street, Richmond, VA 23220', 37.5407, -77.4360, 3.10, 3.40, 3.30, 4.1, 145, 32, true, '/bp-logo.png'),
('Chevron Boise Downtown', '902 Idaho Street, Boise, ID 83702', 43.6150, -116.2023, 3.45, 3.75, 3.65, 4.3, 156, 27, true, '/chevron-logo.png'),
('Shell Des Moines East Village', '113 East Grand Avenue, Des Moines, IA 50309', 41.5868, -93.6037, 3.00, 3.30, 3.20, 4.2, 134, 30, true, '/shell-logo.png'),
('Exxon Little Rock River Market', '224 President Clinton Avenue, Little Rock, AR 72201', 34.7465, -92.2896, 2.90, 3.20, 3.10, 4.0, 98, 35, true, '/exxon-logo.png'),
('Mobil Jackson Downtown', '335 State Street, Jackson, MS 39201', 32.2988, -90.1848, 2.85, 3.15, 3.05, 3.9, 87, 38, true, '/mobil-logo.png'),
('BP Charleston Historic District', '446 King Street, Charleston, SC 29401', 32.7767, -79.9311, 3.15, 3.45, 3.35, 4.4, 189, 25, true, '/bp-logo.png'),
('Shell Spokane Downtown', '557 West Riverside Avenue, Spokane, WA 99201', 47.6587, -117.4260, 3.50, 3.80, 3.70, 4.1, 123, 30, true, '/shell-logo.png'),
('Chevron Reno Midtown', '668 South Virginia Street, Reno, NV 89501', 39.5296, -119.8138, 3.55, 3.85, 3.75, 4.3, 167, 28, true, '/chevron-logo.png'),
('Exxon Fargo Downtown', '779 Broadway, Fargo, ND 58102', 46.8772, -96.7898, 3.20, 3.50, 3.40, 4.2, 145, 32, true, '/exxon-logo.png'),
('Shell Sioux Falls Downtown', '880 Phillips Avenue, Sioux Falls, SD 57104', 43.5460, -96.7313, 3.10, 3.40, 3.30, 4.0, 134, 30, true, '/shell-logo.png'),
('BP Burlington Church Street', '991 Church Street, Burlington, VT 05401', 44.4759, -73.2121, 3.40, 3.70, 3.60, 4.1, 98, 35, true, '/bp-logo.png'),
('Mobil Portland Old Port', '102 Exchange Street, Portland, ME 04101', 43.6591, -70.2568, 3.35, 3.65, 3.55, 4.3, 156, 28, true, '/mobil-logo.png'),
('Chevron Concord Main Street', '213 Main Street, Concord, NH 03301', 43.2081, -71.5376, 3.30, 3.60, 3.50, 4.2, 123, 30, true, '/chevron-logo.png'),
('Shell Providence Federal Hill', '324 Atwells Avenue, Providence, RI 02903', 41.8240, -71.4128, 3.45, 3.75, 3.65, 4.4, 178, 25, true, '/shell-logo.png'),
('Exxon Hartford Downtown', '435 Main Street, Hartford, CT 06103', 41.7658, -72.6734, 3.50, 3.80, 3.70, 4.1, 145, 32, true, '/exxon-logo.png'),
('BP Montpelier State Street', '546 State Street, Montpelier, VT 05602', 44.2601, -72.5806, 3.55, 3.85, 3.75, 4.0, 87, 38, true, '/bp-logo.png'),
('Shell Dover Downtown', '657 Loockerman Street, Dover, DE 19901', 39.1612, -75.5264, 3.25, 3.55, 3.45, 4.3, 167, 28, true, '/shell-logo.png'),
('Chevron Cheyenne Downtown', '768 Central Avenue, Cheyenne, WY 82001', 41.1400, -104.8197, 3.15, 3.45, 3.35, 4.2, 134, 30, true, '/chevron-logo.png'),
('Mobil Helena Last Chance Gulch', '879 Last Chance Gulch, Helena, MT 59601', 46.5957, -112.0362, 3.35, 3.65, 3.55, 4.1, 123, 32, true, '/mobil-logo.png'),
('Exxon Bismarck Downtown', '980 East Main Avenue, Bismarck, ND 58501', 46.8083, -100.7837, 3.25, 3.55, 3.45, 4.0, 98, 35, true, '/exxon-logo.png'),

-- UK Stations (50 stations)
('Shell Birmingham Bull Ring', '123 High Street, Birmingham B4 7SL', 52.4862, -1.8904, 1.45, 1.75, 1.65, 4.2, 156, 25, true, '/shell-logo.png'),
('BP Leeds City Centre', '456 Briggate, Leeds LS1 6HD', 53.7998, -1.5491, 1.40, 1.70, 1.60, 4.4, 189, 22, true, '/bp-logo.png'),
('Esso Sheffield Steel Quarter', '789 Arundel Street, Sheffield S1 2NU', 53.3811, -1.4701, 1.42, 1.72, 1.62, 4.1, 134, 28, true, '/esso-logo.png'),
('Texaco Newcastle Quayside', '321 Quayside, Newcastle NE1 3DX', 54.9783, -1.6178, 1.38, 1.68, 1.58, 4.3, 167, 30, true, '/texaco-logo.png'),
('Shell Bristol Harbourside', '654 Anchor Road, Bristol BS1 5DB', 51.4545, -2.5879, 1.46, 1.76, 1.66, 4.5, 203, 20, true, '/shell-logo.png'),
('BP Nottingham Lace Market', '987 High Pavement, Nottingham NG1 1HN', 52.9548, -1.1581, 1.41, 1.71, 1.61, 4.0, 123, 32, true, '/bp-logo.png'),
('Esso Leicester Highcross', '147 Highcross Street, Leicester LE1 4AN', 52.6369, -1.1398, 1.43, 1.73, 1.63, 4.2, 145, 25, true, '/esso-logo.png'),
('Shell Cardiff Bay', '258 Bute Street, Cardiff CF10 5AE', 51.4816, -3.1791, 1.44, 1.74, 1.64, 4.4, 178, 28, true, '/shell-logo.png'),
('Texaco Swansea Marina', '369 The Strand, Swansea SA1 2AB', 51.6214, -3.9436, 1.39, 1.69, 1.59, 4.1, 134, 30, true, '/texaco-logo.png'),
('BP Plymouth Barbican', '741 The Barbican, Plymouth PL1 2LR', 50.3755, -4.1427, 1.37, 1.67, 1.57, 4.3, 156, 25, true, '/bp-logo.png'),
('Shell Southampton Ocean Village', '852 Ocean Way, Southampton SO14 3TL', 50.9097, -1.4044, 1.45, 1.75, 1.65, 4.2, 167, 27, true, '/shell-logo.png'),
('Esso Portsmouth Gunwharf', '963 Gunwharf Road, Portsmouth PO1 3TZ', 50.7974, -1.0943, 1.42, 1.72, 1.62, 4.0, 123, 30, true, '/esso-logo.png'),
('BP Brighton North Laine', '159 North Street, Brighton BN1 1RH', 50.8225, -0.1372, 1.47, 1.77, 1.67, 4.5, 189, 22, true, '/bp-logo.png'),
('Texaco Cambridge Market Square', '357 Market Street, Cambridge CB2 3QJ', 52.2053, 0.1218, 1.44, 1.74, 1.64, 4.3, 145, 25, true, '/texaco-logo.png'),
('Shell Oxford Carfax', '468 Carfax, Oxford OX1 1ET', 51.7520, -1.2577, 1.46, 1.76, 1.66, 4.4, 178, 28, true, '/shell-logo.png'),
('BP Reading Oracle', '579 Broad Street, Reading RG1 2BH', 51.4543, -0.9781, 1.43, 1.73, 1.63, 4.1, 134, 30, true, '/bp-logo.png'),
('Esso Canterbury High Street', '680 High Street, Canterbury CT1 2JB', 51.2802, 1.0789, 1.41, 1.71, 1.61, 4.2, 156, 25, true, '/esso-logo.png'),
('Shell Exeter High Street', '791 High Street, Exeter EX4 3LZ', 50.7236, -3.5269, 1.40, 1.70, 1.60, 4.0, 123, 32, true, '/shell-logo.png'),
('Texaco Bath Pulteney Bridge', '802 Pulteney Street, Bath BA2 4HN', 51.3811, -2.3590, 1.45, 1.75, 1.65, 4.3, 167, 28, true, '/texaco-logo.png'),
('BP Gloucester Docks', '913 The Docks, Gloucester GL1 2EH', 51.8642, -2.2444, 1.38, 1.68, 1.58, 4.1, 145, 30, true, '/bp-logo.png'),
('Shell Worcester Crowngate', '124 The Cross, Worcester WR1 3PZ', 52.1936, -2.2211, 1.42, 1.72, 1.62, 4.2, 134, 25, true, '/shell-logo.png'),
('Esso Coventry Cathedral Quarter', '235 Broadgate, Coventry CV1 1NF', 52.4068, -1.5197, 1.41, 1.71, 1.61, 4.0, 123, 32, true, '/esso-logo.png'),
('BP Wolverhampton Queen Square', '346 Queen Street, Wolverhampton WV1 1ES', 52.5855, -2.1282, 1.39, 1.69, 1.59, 3.9, 98, 35, true, '/bp-logo.png'),
('Texaco Stoke-on-Trent Potteries', '457 Piccadilly, Stoke-on-Trent ST1 1HR', 53.0027, -2.1794, 1.37, 1.67, 1.57, 4.1, 156, 30, true, '/texaco-logo.png'),
('Shell Derby Cathedral Quarter', '568 Iron Gate, Derby DE1 3GP', 52.9225, -1.4746, 1.40, 1.70, 1.60, 4.3, 178, 28, true, '/shell-logo.png'),
('BP Northampton Market Square', '679 Market Square, Northampton NN1 2DP', 52.2405, -0.9027, 1.43, 1.73, 1.63, 4.2, 145, 25, true, '/bp-logo.png'),
('Esso Peterborough Cathedral Square', '780 Cathedral Square, Peterborough PE1 1XH', 52.5695, -0.2405, 1.42, 1.72, 1.62, 4.0, 134, 30, true, '/esso-logo.png'),
('Shell Milton Keynes Centre MK', '891 Midsummer Boulevard, Milton Keynes MK9 2EA', 52.0406, -0.7594, 1.44, 1.74, 1.64, 4.4, 167, 25, true, '/shell-logo.png'),
('Texaco Luton Hat Factory', '902 George Street, Luton LU1 2AA', 51.8787, -0.4200, 1.41, 1.71, 1.61, 4.1, 123, 32, true, '/texaco-logo.png'),
('BP Watford High Street', '113 High Street, Watford WD17 2DJ', 51.6565, -0.3973, 1.45, 1.75, 1.65, 4.3, 156, 28, true, '/bp-logo.png'),
('Shell St Albans Market Place', '224 Market Place, St Albans AL3 5DL', 51.7520, -0.3363, 1.46, 1.76, 1.66, 4.2, 145, 25, true, '/shell-logo.png'),
('Esso Chelmsford High Chelmer', '335 High Street, Chelmsford CM1 1BE', 51.7356, 0.4685, 1.43, 1.73, 1.63, 4.0, 134, 30, true, '/esso-logo.png'),
('BP Colchester High Street', '446 High Street, Colchester CO1 1UG', 51.8860, 0.9035, 1.42, 1.72, 1.62, 4.1, 123, 32, true, '/bp-logo.png'),
('Texaco Ipswich Cornhill', '557 Cornhill, Ipswich IP1 1DH', 52.0594, 1.1550, 1.40, 1.70, 1.60, 4.3, 167, 28, true, '/texaco-logo.png'),
('Shell Norwich Market Place', '668 Market Place, Norwich NR2 1ND', 52.6309, 1.2974, 1.41, 1.71, 1.61, 4.2, 156, 25, true, '/shell-logo.png'),
('BP King''s Lynn Tuesday Market', '779 Tuesday Market Place, King''s Lynn PE30 1JW', 52.7508, 0.3985, 1.39, 1.69, 1.59, 4.0, 134, 30, true, '/bp-logo.png'),
('Esso Great Yarmouth Market Gates', '880 Market Gates, Great Yarmouth NR30 2AU', 52.6085, 1.7297, 1.38, 1.68, 1.58, 3.9, 98, 35, true, '/esso-logo.png'),
('Shell Lowestoft High Street', '991 High Street, Lowestoft NR32 1HY', 52.4774, 1.7505, 1.37, 1.67, 1.57, 4.1, 123, 32, true, '/shell-logo.png'),
('Texaco Thetford King Street', '102 King Street, Thetford IP24 2AU', 52.4129, 0.7464, 1.40, 1.70, 1.60, 4.2, 145, 28, true, '/texaco-logo.png'),
('BP Bury St Edmunds Cornhill', '213 Cornhill, Bury St Edmunds IP33 1BT', 52.2433, 0.7114, 1.42, 1.72, 1.62, 4.3, 167, 25, true, '/bp-logo.png'),
('Shell Newmarket High Street', '324 High Street, Newmarket CB8 8JP', 52.2447, 0.4067, 1.41, 1.71, 1.61, 4.1, 134, 30, true, '/shell-logo.png'),
('Esso Haverhill High Street', '435 High Street, Haverhill CB9 8AR', 52.0808, 0.4408, 1.39, 1.69, 1.59, 4.0, 123, 32, true, '/esso-logo.png'),
('BP Sudbury Market Hill', '546 Market Hill, Sudbury CO10 2EA', 52.0394, 0.7314, 1.43, 1.73, 1.63, 4.2, 156, 28, true, '/bp-logo.png'),
('Texaco Felixstowe Hamilton Road', '657 Hamilton Road, Felixstowe IP11 7BL', 51.9642, 1.3518, 1.40, 1.70, 1.60, 4.1, 145, 30, true, '/texaco-logo.png'),
('Shell Woodbridge Market Hill', '768 Market Hill, Woodbridge IP12 4LU', 52.0939, 1.3189, 1.42, 1.72, 1.62, 4.3, 167, 25, true, '/shell-logo.png'),
('BP Aldeburgh High Street', '879 High Street, Aldeburgh IP15 5AN', 52.1551, 1.6003, 1.44, 1.74, 1.64, 4.2, 134, 28, true, '/bp-logo.png'),
('Esso Southwold High Street', '980 High Street, Southwold IP18 6DP', 52.3267, 1.6806, 1.41, 1.71, 1.61, 4.0, 123, 30, true, '/esso-logo.png'),
('Shell Beccles New Market', '091 New Market, Beccles NR34 9HD', 52.4584, 1.5668, 1.40, 1.70, 1.60, 4.1, 156, 32, true, '/shell-logo.png'),
('Texaco Bungay Market Place', '192 Market Place, Bungay NR35 1AW', 52.4497, 1.4372, 1.38, 1.68, 1.58, 3.9, 98, 35, true, '/texaco-logo.png'),
('BP Halesworth Market Place', '293 Market Place, Halesworth IP19 8AY', 52.3448, 1.5031, 1.39, 1.69, 1.59, 4.0, 134, 30, true, '/bp-logo.png'),
('Shell Eye Market Square', '394 Market Square, Eye IP23 7AC', 52.3189, 1.1428, 1.41, 1.71, 1.61, 4.2, 145, 28, true, '/shell-logo.png');